Date,Year,Month,TechSector,Employment,YoYGrowth,YoYChange,MonthlyGrowth,MA_3Month,MA_6Month,MA_12Month,BaseIndex,MonthlyRank,DateFormatted,Quarter,YearQuarter
2011-01-01,2011,1,Information & Culture,772200,NA,NA,NA,NA,NA,NA,100,69,2011-01-01,Q1,2011-Q1
2011-02-01,2011,2,Information & Culture,766900,NA,NA,-0.6863506863506896,NA,NA,NA,99.31364931364931,78,2011-02-01,Q1,2011-Q1
2011-03-01,2011,3,Information & Culture,755900,NA,NA,-1.4343460685878218,765000,NA,NA,97.88914788914789,102,2011-03-01,Q1,2011-Q1
2011-04-01,2011,4,Information & Culture,760000,NA,NA,0.5423997883317933,760933.3333333334,NA,NA,98.42009842009843,92,2011-04-01,Q2,2011-Q2
2011-05-01,2011,5,Information & Culture,756900,NA,NA,-0.4078947368421071,757600,NA,NA,98.01864801864801,100,2011-05-01,Q2,2011-Q2
2011-06-01,2011,6,Information & Culture,767800,NA,NA,1.4400845554234376,761566.6666666666,763283.3333333334,NA,99.43019943019942,76,2011-06-01,Q2,2011-Q2
2011-07-01,2011,7,Information & Culture,770400,NA,NA,0.33862985152384173,765033.3333333334,762983.3333333334,NA,99.76689976689977,74,2011-07-01,Q3,2011-Q3
2011-08-01,2011,8,Information & Culture,762300,NA,NA,-1.0514018691588745,766833.3333333334,762216.6666666666,NA,98.71794871794873,87,2011-08-01,Q3,2011-Q3
2011-09-01,2011,9,Information & Culture,751600,NA,NA,-1.403646858192309,761433.3333333334,761500,NA,97.33229733229733,113,2011-09-01,Q3,2011-Q3
2011-10-01,2011,10,Information & Culture,745000,NA,NA,-0.8781266631186835,752966.6666666666,759000,NA,96.47759647759648,128,2011-10-01,Q4,2011-Q4
2011-11-01,2011,11,Information & Culture,739500,NA,NA,-0.7382550335570448,745366.6666666666,756100,NA,95.76534576534577,138,2011-11-01,Q4,2011-Q4
2011-12-01,2011,12,Information & Culture,747100,NA,NA,1.0277214334009521,743866.6666666666,752650,757966.6666666666,96.74954674954674,121,2011-12-01,Q4,2011-Q4
2012-01-01,2012,1,Information & Culture,738600,-4.351204351204352,-33600,-1.1377325659215676,741733.3333333334,747350,755166.6666666666,95.64879564879564,141,2012-01-01,Q1,2012-Q1
2012-02-01,2012,2,Information & Culture,742600,-3.16860086060764,-24300,0.541565123206067,742766.6666666666,744066.6666666666,753141.6666666666,96.16679616679616,133,2012-02-01,Q1,2012-Q1
2012-03-01,2012,3,Information & Culture,755700,-0.026458526260086934,-200,1.7640721788311442,745633.3333333334,744750,753125,97.86324786324786,103,2012-03-01,Q1,2012-Q1
2012-04-01,2012,4,Information & Culture,750300,-1.276315789473681,-9700,-0.7145692735212372,749533.3333333334,745633.3333333334,752316.6666666666,97.16394716394716,114,2012-04-01,Q2,2012-Q2
2012-05-01,2012,5,Information & Culture,737200,-2.6027216276919063,-19700,-1.7459682793549258,747733.3333333334,745250,750675,95.46749546749547,144,2012-05-01,Q2,2012-Q2
2012-06-01,2012,6,Information & Culture,731300,-4.753842146392284,-36500,-0.8003255561584321,739600,742616.6666666666,747633.3333333334,94.7034447034447,148,2012-06-01,Q2,2012-Q2
2012-07-01,2012,7,Information & Culture,745200,-3.2710280373831724,-25200,1.900724736770143,737900,743716.6666666666,745533.3333333334,96.5034965034965,127,2012-07-01,Q3,2012-Q3
2012-08-01,2012,8,Information & Culture,747500,-1.9414928505837592,-14800,0.30864197530864335,741333.3333333334,744533.3333333334,744300,96.8013468013468,120,2012-08-01,Q3,2012-Q3
2012-09-01,2012,9,Information & Culture,747100,-0.5987227248536509,-4500,-0.05351170568561603,746600,743100,743925,96.74954674954674,121,2012-09-01,Q3,2012-Q3
2012-10-01,2012,10,Information & Culture,738300,-0.8993288590603998,-6700,-1.1778878329540943,744300,741100,743366.6666666666,95.60994560994561,143,2012-10-01,Q4,2012-Q4
2012-11-01,2012,11,Information & Culture,743500,0.5409060175794567,4000,0.7043207368278459,742966.6666666666,742150,743700,96.28334628334628,130,2012-11-01,Q4,2012-Q4
2012-12-01,2012,12,Information & Culture,745800,-0.17400615714094902,-1300,0.3093476798923911,742533.3333333334,744566.6666666666,743591.6666666666,96.58119658119658,125,2012-12-01,Q4,2012-Q4
2013-01-01,2013,1,Information & Culture,738700,0.01353912808015334,100,-0.9519978546527197,742666.6666666666,743483.3333333334,743600,95.66174566174566,140,2013-01-01,Q1,2013-Q1
2013-02-01,2013,2,Information & Culture,748000,0.7271747912739102,5400,1.2589684581020721,744166.6666666666,743566.6666666666,744050,96.86609686609687,118,2013-02-01,Q1,2013-Q1
2013-03-01,2013,3,Information & Culture,742900,-1.6937938335318203,-12800,-0.6818181818181834,743200,742866.6666666666,742983.3333333334,96.2056462056462,131,2013-03-01,Q1,2013-Q1
2013-04-01,2013,4,Information & Culture,741800,-1.1328801812608313,-8500,-0.1480683806703409,744233.3333333334,743450,742275,96.06319606319606,134,2013-04-01,Q2,2013-Q2
2013-05-01,2013,5,Information & Culture,752700,2.102550189907748,15500,1.4693987597735214,745800,744983.3333333334,743566.6666666666,97.47474747474747,109,2013-05-01,Q2,2013-Q2
2013-06-01,2013,6,Information & Culture,746800,2.119513195678935,15500,-0.7838448252955987,747100,745150,744858.3333333334,96.71069671069671,122,2013-06-01,Q2,2013-Q2
2013-07-01,2013,7,Information & Culture,726700,-2.4825550187869028,-18500,-2.6914836636315,742066.6666666666,743150,743316.6666666666,94.10774410774411,150,2013-07-01,Q3,2013-Q3
2013-08-01,2013,8,Information & Culture,747600,0.013377926421398456,100,2.8760148617035908,740366.6666666666,743083.3333333334,743325,96.81429681429682,119,2013-08-01,Q3,2013-Q3
2013-09-01,2013,9,Information & Culture,747100,0,0,-0.06688068485821708,740466.6666666666,743783.3333333334,743325,96.74954674954674,121,2013-09-01,Q3,2013-Q3
2013-10-01,2013,10,Information & Culture,753600,2.0723283218204047,15300,0.870030785704734,749433.3333333334,745750,744600,97.59129759129759,107,2013-10-01,Q4,2013-Q4
2013-11-01,2013,11,Information & Culture,759600,2.1654337592468043,16100,0.79617834394905,753433.3333333334,746900,745941.6666666666,98.36829836829837,94,2013-11-01,Q4,2013-Q4
2013-12-01,2013,12,Information & Culture,761400,2.091713596138378,15600,0.23696682464455776,758200,749333.3333333334,747241.6666666666,98.6013986013986,90,2013-12-01,Q4,2013-Q4
2014-01-01,2014,1,Information & Culture,758700,2.707459049681882,20000,-0.35460992907800915,759900,754666.6666666666,748908.3333333334,98.25174825174825,95,2014-01-01,Q1,2014-Q1
2014-02-01,2014,2,Information & Culture,763000,2.0053475935828846,15000,0.5667589297482456,761033.3333333334,757233.3333333334,750158.3333333334,98.80859880859882,85,2014-02-01,Q1,2014-Q1
2014-03-01,2014,3,Information & Culture,758400,2.086418091263975,15500,-0.6028833551769308,760033.3333333334,759116.6666666666,751450,98.21289821289821,97,2014-03-01,Q1,2014-Q1
2014-04-01,2014,4,Information & Culture,754500,1.7120517659746648,12700,-0.5142405063291111,758633.3333333334,759266.6666666666,752508.3333333334,97.7078477078477,106,2014-04-01,Q2,2014-Q2
2014-05-01,2014,5,Information & Culture,761600,1.1824099907001395,8900,0.9410205434062346,758166.6666666666,759600,753250,98.62729862729863,88,2014-05-01,Q2,2014-Q2
2014-06-01,2014,6,Information & Culture,752000,0.6963042313872458,5200,-1.2605042016806678,756033.3333333334,758033.3333333334,753683.3333333334,97.38409738409737,112,2014-06-01,Q2,2014-Q2
2014-07-01,2014,7,Information & Culture,755200,3.921838447777626,28500,0.42553191489360653,756266.6666666666,757450,756058.3333333334,97.79849779849779,104,2014-07-01,Q3,2014-Q3
2014-08-01,2014,8,Information & Culture,750300,0.3611556982343389,2700,-0.6488347457627164,752500,755333.3333333334,756283.3333333334,97.16394716394716,114,2014-08-01,Q3,2014-Q3
2014-09-01,2014,9,Information & Culture,739600,-1.0038816758131452,-7500,-1.4260962281753997,748366.6666666666,752200,755658.3333333334,95.77829577829577,137,2014-09-01,Q3,2014-Q3
2014-10-01,2014,10,Information & Culture,744900,-1.1544585987261158,-8700,0.7166035694970319,744933.3333333334,750600,754933.3333333334,96.46464646464646,129,2014-10-01,Q4,2014-Q4
2014-11-01,2014,11,Information & Culture,752400,-0.9478672985781977,-7200,1.006846556584784,745633.3333333334,749066.6666666666,754333.3333333334,97.43589743589743,111,2014-11-01,Q4,2014-Q4
2014-12-01,2014,12,Information & Culture,750200,-1.4709745206199054,-11200,-0.29239766081871066,749166.6666666666,748766.6666666666,753400,97.15099715099716,115,2014-12-01,Q4,2014-Q4
2015-01-01,2015,1,Information & Culture,745500,-1.7398181099248733,-13200,-0.6264996001066336,749366.6666666666,747150,752300,96.54234654234655,126,2015-01-01,Q1,2015-Q1
2015-02-01,2015,2,Information & Culture,740100,-3.0013106159895164,-22900,-0.7243460764587484,745266.6666666666,745450,750391.6666666666,95.84304584304584,135,2015-02-01,Q1,2015-Q1
2015-03-01,2015,3,Information & Culture,746700,-1.5427215189873444,-11700,0.8917713822456319,744100,746633.3333333334,749416.6666666666,96.6977466977467,123,2015-03-01,Q1,2015-Q1
2015-04-01,2015,4,Information & Culture,742700,-1.563949635520212,-11800,-0.5356903709655803,743166.6666666666,746266.6666666666,748433.3333333334,96.17974617974619,132,2015-04-01,Q2,2015-Q2
2015-05-01,2015,5,Information & Culture,746200,-2.0220588235294157,-15400,0.47125353440151674,745200,745233.3333333334,747150,96.63299663299664,124,2015-05-01,Q2,2015-Q2
2015-06-01,2015,6,Information & Culture,732100,-2.6462765957446788,-19900,-1.889573840793357,740333.3333333334,742216.6666666666,745491.6666666666,94.8070448070448,147,2015-06-01,Q2,2015-Q2
2015-07-01,2015,7,Information & Culture,739400,-2.0921610169491567,-15800,0.9971315394071922,739233.3333333334,741200,744175,95.75239575239574,139,2015-07-01,Q3,2015-Q3
2015-08-01,2015,8,Information & Culture,730300,-2.665600426496073,-20000,-1.2307276169867487,733933.3333333334,739566.6666666666,742508.3333333334,94.57394457394457,149,2015-08-01,Q3,2015-Q3
2015-09-01,2015,9,Information & Culture,754900,2.0686857760951805,15300,3.368478707380529,741533.3333333334,740933.3333333334,743783.3333333334,97.75964775964776,105,2015-09-01,Q3,2015-Q3
2015-10-01,2015,10,Information & Culture,761500,2.2284870452409677,16600,0.8742879851636021,748900,744066.6666666666,745166.6666666666,98.61434861434861,89,2015-10-01,Q4,2015-Q4
2015-11-01,2015,11,Information & Culture,739800,-1.674641148325362,-12600,-2.8496388706500286,752066.6666666666,743000,744116.6666666666,95.8041958041958,136,2015-11-01,Q4,2015-Q4
2015-12-01,2015,12,Information & Culture,733500,-2.2260730471874157,-16700,-0.8515815085158196,744933.3333333334,743233.3333333334,742725,94.98834498834499,146,2015-12-01,Q4,2015-Q4
2016-01-01,2016,1,Information & Culture,758600,1.7572099262240126,13100,3.4219495569188796,743966.6666666666,746433.3333333334,743816.6666666666,98.23879823879824,96,2016-01-01,Q1,2016-Q1
2016-02-01,2016,2,Information & Culture,763400,3.148223213079304,23300,0.6327445293962564,751833.3333333334,751950,745758.3333333334,98.86039886039886,84,2016-02-01,Q1,2016-Q1
2016-03-01,2016,3,Information & Culture,752600,0.7901432971742395,5900,-1.4147236049253387,758200,751566.6666666666,746250,97.46179746179746,110,2016-03-01,Q1,2016-Q1
2016-04-01,2016,4,Information & Culture,749100,0.8617207486198986,6400,-0.4650544778102561,755033.3333333334,749500,746783.3333333334,97.00854700854701,117,2016-04-01,Q2,2016-Q2
2016-05-01,2016,5,Information & Culture,753200,0.9380863039399667,7000,0.5473234548124317,751633.3333333334,751733.3333333334,747366.6666666666,97.53949753949755,108,2016-05-01,Q2,2016-Q2
2016-06-01,2016,6,Information & Culture,773700,5.682283841005331,41600,2.7217206585236298,758666.6666666666,758433.3333333334,750833.3333333334,100.19425019425019,66,2016-06-01,Q2,2016-Q2
2016-07-01,2016,7,Information & Culture,764300,3.367595347579111,24900,-1.2149411916763553,763733.3333333334,759383.3333333334,752908.3333333334,98.97694897694898,83,2016-07-01,Q3,2016-Q3
2016-08-01,2016,8,Information & Culture,771600,5.65521018759414,41300,0.955122334161973,769866.6666666666,760750,756350,99.92229992229991,70,2016-08-01,Q3,2016-Q3
2016-09-01,2016,9,Information & Culture,783700,3.8150748443502414,28800,1.5681700362882411,773200,765933.3333333334,758750,101.4892514892515,49,2016-09-01,Q3,2016-Q3
2016-10-01,2016,10,Information & Culture,775000,1.7728168089297336,13500,-1.1101186678575958,776766.6666666666,770250,759875,100.36260036260036,63,2016-10-01,Q4,2016-Q4
2016-11-01,2016,11,Information & Culture,787500,6.447688564476883,47700,1.6129032258064502,782066.6666666666,775966.6666666666,763850,101.98135198135199,47,2016-11-01,Q4,2016-Q4
2016-12-01,2016,12,Information & Culture,790300,7.743694614860264,56800,0.3555555555555534,784266.6666666666,778733.3333333334,768583.3333333334,102.34395234395235,44,2016-12-01,Q4,2016-Q4
2017-01-01,2017,1,Information & Culture,771400,1.6873187450566762,12800,-2.391496899911427,783066.6666666666,779916.6666666666,769650,99.8963998963999,71,2017-01-01,Q1,2017-Q1
2017-02-01,2017,2,Information & Culture,767800,0.5763688760807018,4400,-0.46668395125745166,776500,779283.3333333334,770016.6666666666,99.43019943019942,76,2017-02-01,Q1,2017-Q1
2017-03-01,2017,3,Information & Culture,778200,3.4015413234121716,25600,1.3545194060953447,772466.6666666666,778366.6666666666,772150,100.77700077700078,58,2017-03-01,Q1,2017-Q1
2017-04-01,2017,4,Information & Culture,776000,3.5909758376718726,26900,-0.2827036751477774,774000,778533.3333333334,774391.6666666666,100.49210049210049,60,2017-04-01,Q2,2017-Q2
2017-05-01,2017,5,Information & Culture,759700,0.862984599044081,6500,-2.1005154639175294,771300,773900,774933.3333333334,98.38124838124838,93,2017-05-01,Q2,2017-Q2
2017-06-01,2017,6,Information & Culture,760200,-1.7448623497479665,-13500,0.06581545346846518,765300,768883.3333333334,773808.3333333334,98.44599844599846,91,2017-06-01,Q2,2017-Q2
2017-07-01,2017,7,Information & Culture,769700,0.7065288499280342,5400,1.2496711391738913,763200,768600,774258.3333333334,99.67624967624967,75,2017-07-01,Q3,2017-Q3
2017-08-01,2017,8,Information & Culture,775300,0.4795230689476515,3700,0.7275561907236661,768400,769850,774566.6666666666,100.4014504014504,62,2017-08-01,Q3,2017-Q3
2017-09-01,2017,9,Information & Culture,770800,-1.6460380247543704,-12900,-0.5804204823939174,771933.3333333334,768616.6666666666,773491.6666666666,99.81869981869981,73,2017-09-01,Q3,2017-Q3
2017-10-01,2017,10,Information & Culture,777600,0.33548387096773435,2600,0.8822003113648114,774566.6666666666,768883.3333333334,773708.3333333334,100.69930069930071,59,2017-10-01,Q4,2017-Q4
2017-11-01,2017,11,Information & Culture,783000,-0.5714285714285672,-4500,0.694444444444442,777133.3333333334,772766.6666666666,773333.3333333334,101.3986013986014,51,2017-11-01,Q4,2017-Q4
2017-12-01,2017,12,Information & Culture,779400,-1.379223079843095,-10900,-0.45977011494252595,780000,775966.6666666666,772425,100.93240093240092,57,2017-12-01,Q4,2017-Q4
2018-01-01,2018,1,Information & Culture,790000,2.4112004148301835,18600,1.3600205286117495,784133.3333333334,779350,773975,102.30510230510231,45,2018-01-01,Q1,2018-Q1
2018-02-01,2018,2,Information & Culture,772700,0.6381870278718393,4900,-2.1898734177215218,780700,778916.6666666666,774383.3333333334,100.06475006475006,68,2018-02-01,Q1,2018-Q1
2018-03-01,2018,3,Information & Culture,773000,-0.6682086867129233,-5200,0.038824899702349924,778566.6666666666,779283.3333333334,773950,100.10360010360012,67,2018-03-01,Q1,2018-Q1
2018-04-01,2018,4,Information & Culture,771100,-0.6314432989690699,-4900,-0.2457956015523899,772266.6666666666,778200,773541.6666666666,99.85754985754986,72,2018-04-01,Q2,2018-Q2
2018-05-01,2018,5,Information & Culture,780300,2.7115966829011517,20600,1.1931007651406977,774800,777750,775258.3333333334,101.04895104895104,56,2018-05-01,Q2,2018-Q2
2018-06-01,2018,6,Information & Culture,775000,1.9468560905024912,14800,-0.6792259387415123,775466.6666666666,777016.6666666666,776491.6666666666,100.36260036260036,63,2018-06-01,Q2,2018-Q2
2018-07-01,2018,7,Information & Culture,775600,0.7665324152267061,5900,0.07741935483871476,776966.6666666666,774616.6666666666,776983.3333333334,100.44030044030043,61,2018-07-01,Q3,2018-Q3
2018-08-01,2018,8,Information & Culture,764900,-1.3414162259770435,-10400,-1.3795771015987612,771833.3333333334,773316.6666666666,776116.6666666666,99.05464905464906,82,2018-08-01,Q3,2018-Q3
2018-09-01,2018,9,Information & Culture,765900,-0.6357031655422896,-4900,0.1307360439273042,768800,772133.3333333334,775708.3333333334,99.18414918414918,80,2018-09-01,Q3,2018-Q3
2018-10-01,2018,10,Information & Culture,762900,-1.8904320987654266,-14700,-0.39169604386996015,764566.6666666666,770766.6666666666,774483.3333333334,98.79564879564879,86,2018-10-01,Q4,2018-Q4
2018-11-01,2018,11,Information & Culture,757300,-3.2822477650063853,-25700,-0.7340411587363982,762033.3333333334,766933.3333333334,772341.6666666666,98.07044807044807,99,2018-11-01,Q4,2018-Q4
2018-12-01,2018,12,Information & Culture,756100,-2.989479086476776,-23300,-0.15845767859500315,758766.6666666666,763783.3333333334,770400,97.91504791504792,101,2018-12-01,Q4,2018-Q4
2019-01-01,2019,1,Information & Culture,758200,-4.0253164556962044,-31800,0.27774103954503193,757200,760883.3333333334,767750,98.18699818699818,98,2019-01-01,Q1,2019-Q1
2019-02-01,2019,2,Information & Culture,774200,0.1941244985117052,1500,2.110261144816672,762833.3333333334,762433.3333333334,767875,100.25900025900026,65,2019-02-01,Q1,2019-Q1
2019-03-01,2019,3,Information & Culture,774700,0.21992238033634592,1700,0.06458279514336418,769033.3333333334,763900,768016.6666666666,100.32375032375032,64,2019-03-01,Q1,2019-Q1
2019-04-01,2019,4,Information & Culture,795500,3.1643107249383906,24400,2.6849102878533593,781466.6666666666,769333.3333333334,770050,103.01735301735302,42,2019-04-01,Q2,2019-Q2
2019-05-01,2019,5,Information & Culture,786000,0.7304882737408702,5700,-1.1942174732872401,785400,774116.6666666666,770525,101.78710178710179,48,2019-05-01,Q2,2019-Q2
2019-06-01,2019,6,Information & Culture,799100,3.1096774193548393,24100,1.6666666666666607,793533.3333333334,781283.3333333334,772533.3333333334,103.4835534835535,41,2019-06-01,Q2,2019-Q2
2019-07-01,2019,7,Information & Culture,791400,2.037132542547715,15800,-0.9635840320360356,792166.6666666666,786816.6666666666,773850,102.48640248640248,43,2019-07-01,Q3,2019-Q3
2019-08-01,2019,8,Information & Culture,789000,3.150738658648189,24100,-0.30326004548900665,793166.6666666666,789283.3333333334,775858.3333333334,102.17560217560218,46,2019-08-01,Q3,2019-Q3
2019-09-01,2019,9,Information & Culture,769700,0.49614832223527916,3800,-2.4461343472750308,783366.6666666666,788450,776175,99.67624967624967,75,2019-09-01,Q3,2019-Q3
2019-10-01,2019,10,Information & Culture,765800,0.38012845720278854,2900,-0.5066909185396873,774833.3333333334,783500,776416.6666666666,99.17119917119918,81,2019-10-01,Q4,2019-Q4
2019-11-01,2019,11,Information & Culture,767200,1.3072758484088176,9900,0.1828153564899404,767566.6666666666,780366.6666666666,777241.6666666666,99.35249935249935,77,2019-11-01,Q4,2019-Q4
2019-12-01,2019,12,Information & Culture,782300,3.465150112418991,26200,1.968196037539105,771766.6666666666,777566.6666666666,779425,101.30795130795131,54,2019-12-01,Q4,2019-Q4
2020-01-01,2020,1,Information & Culture,782600,3.2181482458454314,24400,0.038348459670212165,777366.6666666666,776100,781458.3333333334,101.34680134680134,53,2020-01-01,Q1,2020-Q1
2020-02-01,2020,2,Information & Culture,780700,0.8395763368638676,6500,-0.2427804753386109,781866.6666666666,774716.6666666666,782000,101.1007511007511,55,2020-02-01,Q1,2020-Q1
2020-03-01,2020,3,Information & Culture,660500,-14.741190138117977,-114200,-15.396439093121561,741266.6666666666,756516.6666666666,772483.3333333334,85.53483553483552,162,2020-03-01,Q1,2020-Q1
2020-04-01,2020,4,Information & Culture,582100,-26.82589566310497,-213400,-11.869795609386824,674433.3333333334,725900,754700,75.38202538202539,167,2020-04-01,Q2,2020-Q2
2020-05-01,2020,5,Information & Culture,586500,-25.38167938931297,-199500,0.7558838687510727,609700,695783.3333333334,738075,75.95182595182595,166,2020-05-01,Q2,2020-Q2
2020-06-01,2020,6,Information & Culture,649200,-18.75860342885747,-149900,10.690537084398976,605933.3333333334,673600,725583.3333333334,84.07148407148406,163,2020-06-01,Q2,2020-Q2
2020-07-01,2020,7,Information & Culture,661700,-16.388678291635074,-129700,1.9254467036352363,632466.6666666666,653450,714775,85.6902356902357,161,2020-07-01,Q3,2020-Q3
2020-08-01,2020,8,Information & Culture,666500,-15.525982256020276,-122500,0.7254042617500289,659133.3333333334,634416.6666666666,704566.6666666666,86.31183631183632,159,2020-08-01,Q3,2020-Q3
2020-09-01,2020,9,Information & Culture,722400,-6.145251396648044,-47300,8.387096774193559,683533.3333333334,644733.3333333334,700625,93.55089355089355,151,2020-09-01,Q3,2020-Q3
2020-10-01,2020,10,Information & Culture,705400,-7.88717680856621,-60400,-2.353266888150607,698100,665283.3333333334,695591.6666666666,91.34939134939135,153,2020-10-01,Q4,2020-Q4
2020-11-01,2020,11,Information & Culture,680700,-11.274765380604801,-86500,-3.5015593989225935,702833.3333333334,680983.3333333334,688383.3333333334,88.15073815073815,157,2020-11-01,Q4,2020-Q4
2020-12-01,2020,12,Information & Culture,665200,-14.968682091269336,-117100,-2.2770677244013493,683766.6666666666,683650,678625,86.14348614348614,160,2020-12-01,Q4,2020-Q4
2021-01-01,2021,1,Information & Culture,645100,-17.569639662662915,-137500,-3.021647624774504,663666.6666666666,680883.3333333334,667166.6666666666,83.54053354053354,164,2021-01-01,Q1,2021-Q1
2021-02-01,2021,2,Information & Culture,644600,-17.43307288330985,-136100,-0.07750736319950269,651633.3333333334,677233.3333333334,655825,83.47578347578347,165,2021-02-01,Q1,2021-Q1
2021-03-01,2021,3,Information & Culture,696900,5.510976532929601,36400,8.113558796152653,662200,672983.3333333334,658858.3333333334,90.24864024864024,155,2021-03-01,Q1,2021-Q1
2021-04-01,2021,4,Information & Culture,679000,16.64662429135888,96900,-2.568517721337349,673500,668583.3333333334,666933.3333333334,87.93058793058793,158,2021-04-01,Q2,2021-Q2
2021-05-01,2021,5,Information & Culture,683400,16.521739130434774,96900,0.6480117820323983,686433.3333333334,669033.3333333334,675008.3333333334,88.50038850038851,156,2021-05-01,Q2,2021-Q2
2021-06-01,2021,6,Information & Culture,704700,8.548983364140472,55500,3.11676909569798,689033.3333333334,675616.6666666666,679633.3333333334,91.25874125874127,154,2021-06-01,Q2,2021-Q2
2021-07-01,2021,7,Information & Culture,716400,8.266586066193149,54700,1.6602809706258048,701500,687500,684191.6666666666,92.77389277389277,152,2021-07-01,Q3,2021-Q3
2021-08-01,2021,8,Information & Culture,733600,10.067516879219806,67100,2.400893355667222,718233.3333333334,702333.3333333334,689783.3333333334,95.001295001295,145,2021-08-01,Q3,2021-Q3
2021-09-01,2021,9,Information & Culture,749700,3.779069767441867,27300,2.194656488549618,733233.3333333334,711133.3333333334,692058.3333333334,97.08624708624708,116,2021-09-01,Q3,2021-Q3
2021-10-01,2021,10,Information & Culture,766800,8.704281258860224,61400,2.280912364945986,750033.3333333334,725766.6666666666,697175,99.3006993006993,79,2021-10-01,Q4,2021-Q4
2021-11-01,2021,11,Information & Culture,783500,15.10210077861025,102800,2.1778821074595722,766666.6666666666,742450,705741.6666666666,101.46335146335146,50,2021-11-01,Q4,2021-Q4
2021-12-01,2021,12,Information & Culture,782700,17.663860493084794,117500,-0.10210593490747044,777666.6666666666,755450,715533.3333333334,101.35975135975134,52,2021-12-01,Q4,2021-Q4
2022-01-01,2022,1,Information & Culture,738400,14.462873973027435,93300,-5.659895234444868,768200,759116.6666666666,723308.3333333334,95.62289562289563,142,2022-01-01,Q1,2022-Q1
2022-02-01,2022,2,Information & Culture,813900,26.2643499844865,169300,10.224810400866735,778333.3333333334,772500,737416.6666666666,105.4001554001554,35,2022-02-01,Q1,2022-Q1
2022-03-01,2022,3,Information & Culture,809700,16.185966422729226,112800,-0.5160339107998513,787333.3333333334,782500,746816.6666666666,104.85625485625485,36,2022-03-01,Q1,2022-Q1
2022-04-01,2022,4,Information & Culture,818400,20.530191458026504,139400,1.0744720266765428,814000,791100,758433.3333333334,105.98290598290599,32,2022-04-01,Q2,2022-Q2
2022-05-01,2022,5,Information & Culture,833000,21.890547263681583,149600,1.7839687194525888,820366.6666666666,799350,770900,107.87360787360787,27,2022-05-01,Q2,2022-Q2
2022-06-01,2022,6,Information & Culture,815800,15.765574003121884,111100,-2.0648259303721495,822400,804866.6666666666,780158.3333333334,105.64620564620564,34,2022-06-01,Q2,2022-Q2
2022-07-01,2022,7,Information & Culture,817000,14.042434394193194,100600,0.14709487619515293,821933.3333333334,817966.6666666666,788541.6666666666,105.8016058016058,33,2022-07-01,Q3,2022-Q3
2022-08-01,2022,8,Information & Culture,808600,10.223555070883306,75000,-1.0281517747858016,813800,817083.3333333334,794791.6666666666,104.71380471380472,38,2022-08-01,Q3,2022-Q3
2022-09-01,2022,9,Information & Culture,806700,7.603041216486606,57000,-0.23497402918625232,810766.6666666666,816583.3333333334,799541.6666666666,104.46775446775447,39,2022-09-01,Q3,2022-Q3
2022-10-01,2022,10,Information & Culture,801900,4.577464788732399,35100,-0.5950167348456659,805733.3333333334,813833.3333333334,802466.6666666666,103.84615384615385,40,2022-10-01,Q4,2022-Q4
2022-11-01,2022,11,Information & Culture,808900,3.2418634333120533,25400,0.8729267988527356,805833.3333333334,809816.6666666666,804583.3333333334,104.75265475265476,37,2022-11-01,Q4,2022-Q4
2022-12-01,2022,12,Information & Culture,829100,5.928197265874546,46400,2.4972184448015744,813300,812033.3333333334,808450,107.36855736855738,30,2022-12-01,Q4,2022-Q4
2023-01-01,2023,1,Information & Culture,836300,13.258396533044415,97900,0.8684115305753304,824766.6666666666,815250,816608.3333333334,108.3009583009583,24,2023-01-01,Q1,2023-Q1
2023-02-01,2023,2,Information & Culture,831400,2.150141294999375,17500,-0.5859141456415196,832266.6666666666,819050,818066.6666666666,107.66640766640766,29,2023-02-01,Q1,2023-Q1
2023-03-01,2023,3,Information & Culture,840200,3.766827219958002,30500,1.0584556170315063,835966.6666666666,824633.3333333334,820608.3333333334,108.80600880600882,19,2023-03-01,Q1,2023-Q1
2023-04-01,2023,4,Information & Culture,849700,3.8245356793743968,31300,1.1306831706736409,840433.3333333334,832600,823216.6666666666,110.03626003626003,10,2023-04-01,Q2,2023-Q2
2023-05-01,2023,5,Information & Culture,853000,2.400960384153672,20000,0.38837236671767084,847633.3333333334,839950,824883.3333333334,110.46361046361046,8,2023-05-01,Q2,2023-Q2
2023-06-01,2023,6,Information & Culture,863400,5.834763422407452,47600,1.2192262602579218,855366.6666666666,845666.6666666666,828850,111.81041181041181,2,2023-06-01,Q2,2023-Q2
2023-07-01,2023,7,Information & Culture,849500,3.977968176254598,32500,-1.609914292332637,855300,847866.6666666666,831558.3333333334,110.01036001036002,11,2023-07-01,Q3,2023-Q3
2023-08-01,2023,8,Information & Culture,849000,4.996289883749694,40400,-0.05885815185403542,853966.6666666666,850800,834925,109.94560994560996,13,2023-08-01,Q3,2023-Q3
2023-09-01,2023,9,Information & Culture,826600,2.4668402132143274,19900,-2.6383981154299185,841700,848533.3333333334,836583.3333333334,107.04480704480706,31,2023-09-01,Q3,2023-Q3
2023-10-01,2023,10,Information & Culture,846400,5.54932036413518,44500,2.3953544640696878,840666.6666666666,847983.3333333334,840291.6666666666,109.60890960890961,16,2023-10-01,Q4,2023-Q4
2023-11-01,2023,11,Information & Culture,848200,4.858449746569415,39300,0.21266540642721488,840400,847183.3333333334,843566.6666666666,109.84200984200984,14,2023-11-01,Q4,2023-Q4
2023-12-01,2023,12,Information & Culture,849300,2.4363767941141035,20200,0.1296863947182203,847966.6666666666,844833.3333333334,845250,109.98445998445999,12,2023-12-01,Q4,2023-Q4
2024-01-01,2024,1,Information & Culture,839400,0.3706803778548373,3100,-1.1656658424584965,845633.3333333334,843150,845508.3333333334,108.7024087024087,20,2024-01-01,Q1,2024-Q1
2024-02-01,2024,2,Information & Culture,843400,1.4433485686793368,12000,0.47653085537289197,844033.3333333334,842216.6666666666,846508.3333333334,109.22040922040924,18,2024-02-01,Q1,2024-Q1
2024-03-01,2024,3,Information & Culture,836400,-0.45227326826945413,-3800,-0.8299739151055308,839733.3333333334,843850,846191.6666666666,108.31390831390833,23,2024-03-01,Q1,2024-Q1
2024-04-01,2024,4,Information & Culture,845600,-0.48252324349770115,-4100,1.099952175992347,841800,843716.6666666666,845850,109.5053095053095,17,2024-04-01,Q2,2024-Q2
2024-05-01,2024,5,Information & Culture,835700,-2.028135990621338,-17300,-1.1707663197729423,839233.3333333334,841633.3333333334,844408.3333333334,108.22325822325823,25,2024-05-01,Q2,2024-Q2
2024-06-01,2024,6,Information & Culture,831900,-3.648366921473245,-31500,-0.45470862749790175,837733.3333333334,838733.3333333334,841783.3333333334,107.73115773115774,28,2024-06-01,Q2,2024-Q2
2024-07-01,2024,7,Information & Culture,838800,-1.259564449676276,-10700,0.8294266137756967,835466.6666666666,838633.3333333334,840891.6666666666,108.62470862470863,22,2024-07-01,Q3,2024-Q3
2024-08-01,2024,8,Information & Culture,839200,-1.1542991755005838,-9800,0.04768717215068996,836633.3333333334,837933.3333333334,840075,108.67650867650869,21,2024-08-01,Q3,2024-Q3
2024-09-01,2024,9,Information & Culture,860200,4.064843939027352,33600,2.502383222116311,846066.6666666666,841900,842875,111.39601139601139,3,2024-09-01,Q3,2024-Q3
2024-10-01,2024,10,Information & Culture,855200,1.03969754253308,8800,-0.5812601720530108,851533.3333333334,843500,843608.3333333334,110.74851074851075,5,2024-10-01,Q4,2024-Q4
2024-11-01,2024,11,Information & Culture,854000,0.6838009903324727,5800,-0.1403180542563165,856466.6666666666,846550,844091.6666666666,110.5931105931106,7,2024-11-01,Q4,2024-Q4
2024-12-01,2024,12,Information & Culture,855100,0.6829153420463863,5800,0.1288056206089072,854766.6666666666,850416.6666666666,844575,110.73556073556074,6,2024-12-01,Q4,2024-Q4
2025-01-01,2025,1,Information & Culture,852500,1.560638551346205,13100,-0.3040580049117114,853866.6666666666,852700,845666.6666666666,110.39886039886039,9,2025-01-01,Q1,2025-Q1
2025-02-01,2025,2,Information & Culture,855700,1.4583827365425739,12300,0.3753665689149477,854433.3333333334,855450,846691.6666666666,110.81326081326081,4,2025-02-01,Q1,2025-Q1
2025-03-01,2025,3,Information & Culture,835400,-0.11956001912960534,-1000,-2.372326750029219,847866.6666666666,851316.6666666666,846608.3333333334,108.18440818440817,26,2025-03-01,Q1,2025-Q1
2025-04-01,2025,4,Information & Culture,848000,0.2838221381267658,2400,1.508259516399324,846366.6666666666,850116.6666666666,846808.3333333334,109.81610981610982,15,2025-04-01,Q2,2025-Q2
2025-05-01,2025,5,Information & Culture,867300,3.781261218140486,31600,2.2759433962264097,850233.3333333334,852333.3333333334,849441.6666666666,112.31546231546233,1,2025-05-01,Q2,2025-Q2
2011-01-01,2011,1,Professional & Technical Services,1258700,NA,NA,NA,NA,NA,NA,100,170,2011-01-01,Q1,2011-Q1
2011-02-01,2011,2,Professional & Technical Services,1264900,NA,NA,0.4925717009613084,NA,NA,NA,100.4925717009613,165,2011-02-01,Q1,2011-Q1
2011-03-01,2011,3,Professional & Technical Services,1269800,NA,NA,0.3873824017708971,1264466.6666666667,NA,NA,100.88186223881783,162,2011-03-01,Q1,2011-Q1
2011-04-01,2011,4,Professional & Technical Services,1273500,NA,NA,0.29138446999528167,1269400,NA,NA,101.17581631842376,161,2011-04-01,Q2,2011-Q2
2011-05-01,2011,5,Professional & Technical Services,1273800,NA,NA,0.02355712603061555,1272366.6666666667,NA,NA,101.19965043298642,160,2011-05-01,Q2,2011-Q2
2011-06-01,2011,6,Professional & Technical Services,1262400,NA,NA,-0.8949599623174764,1269900,1267183.3333333333,NA,100.29395407960595,167,2011-06-01,Q2,2011-Q2
2011-07-01,2011,7,Professional & Technical Services,1263300,NA,NA,0.07129277566539916,1266500,1267950,NA,100.36545642329386,166,2011-07-01,Q3,2011-Q3
2011-08-01,2011,8,Professional & Technical Services,1261800,NA,NA,-0.11873664212775914,1262500,1267433.3333333333,NA,100.24628585048066,168,2011-08-01,Q3,2011-Q3
2011-09-01,2011,9,Professional & Technical Services,1277700,NA,NA,1.2601046124584014,1267600,1268750,NA,101.50949392230079,156,2011-09-01,Q3,2011-Q3
2011-10-01,2011,10,Professional & Technical Services,1280300,NA,NA,0.20349064725679877,1273266.6666666667,1269883.3333333333,NA,101.71605624851037,155,2011-10-01,Q4,2011-Q4
2011-11-01,2011,11,Professional & Technical Services,1285700,NA,NA,0.42177614621572435,1281233.3333333333,1271866.6666666667,NA,102.14507031063795,150,2011-11-01,Q4,2011-Q4
2011-12-01,2011,12,Professional & Technical Services,1293700,NA,NA,0.622229135879282,1286566.6666666667,1277083.3333333333,1272133.3333333333,102.78064669897513,144,2011-12-01,Q4,2011-Q4
2012-01-01,2012,1,Professional & Technical Services,1291600,2.613807897036624,32900,-0.16232511401407246,1290333.3333333333,1281800,1274875,102.61380789703662,145,2012-01-01,Q1,2012-Q1
2012-02-01,2012,2,Professional & Technical Services,1286500,1.7076448731125016,21600,-0.39485908950139814,1290600,1285916.6666666667,1276675,102.20862794947168,149,2012-02-01,Q1,2012-Q1
2012-03-01,2012,3,Professional & Technical Services,1290500,1.6301779807843753,20700,0.3109211037699122,1289533.3333333333,1288050,1278400,102.52641614364026,147,2012-03-01,Q1,2012-Q1
2012-04-01,2012,4,Professional & Technical Services,1281000,0.5889281507656108,7500,-0.7361487795428112,1286000,1288166.6666666667,1279025,101.77166918248987,154,2012-04-01,Q2,2012-Q2
2012-05-01,2012,5,Professional & Technical Services,1275200,0.10990736379337118,1400,-0.45277127244340853,1282233.3333333333,1286416.6666666667,1279141.6666666667,101.31087630094542,158,2012-05-01,Q2,2012-Q2
2012-06-01,2012,6,Professional & Technical Services,1274800,0.9822560202788377,12400,-0.031367628607281706,1277000,1283266.6666666667,1280175,101.27909748152857,159,2012-06-01,Q2,2012-Q2
2012-07-01,2012,7,Professional & Technical Services,1259100,-0.3324625979577278,-4200,-1.2315657358016985,1269700,1277850,1279825,100.03177881941684,169,2012-07-01,Q3,2012-Q3
2012-08-01,2012,8,Professional & Technical Services,1269400,0.6023141543826327,7600,0.8180446350567916,1267766.6666666667,1275000,1280458.3333333333,100.85008341940096,163,2012-08-01,Q3,2012-Q3
2012-09-01,2012,9,Professional & Technical Services,1281800,0.3208890975972434,4100,0.976839451709477,1270100,1273550,1280800,101.83522682132357,152,2012-09-01,Q3,2012-Q3
2012-10-01,2012,10,Professional & Technical Services,1282000,0.13278137936421075,1700,0.015603058199409325,1277733.3333333333,1273716.6666666667,1280941.6666666667,101.85111623103202,151,2012-10-01,Q4,2012-Q4
2012-11-01,2012,11,Professional & Technical Services,1281500,-0.3266702963366286,-4200,-0.03900156006240163,1281766.6666666667,1274766.6666666667,1280591.6666666667,101.81139270676094,153,2012-11-01,Q4,2012-Q4
2012-12-01,2012,12,Professional & Technical Services,1268200,-1.9710906701708275,-25500,-1.03784627389778,1277233.3333333333,1273666.6666666667,1278466.6666666667,100.75474696115039,164,2012-12-01,Q4,2012-Q4
2013-01-01,2013,1,Professional & Technical Services,1276100,-1.2000619386807077,-15500,0.6229301372023377,1275266.6666666667,1276500,1277175,101.38237864463335,157,2013-01-01,Q1,2013-Q1
2013-02-01,2013,2,Professional & Technical Services,1291400,0.38087835211815246,4900,1.1989655983073444,1278566.6666666667,1280166.6666666667,1277583.3333333333,102.5979184873282,146,2013-02-01,Q1,2013-Q1
2013-03-01,2013,3,Professional & Technical Services,1290300,-0.015497869043001877,-200,-0.08517887563883608,1285933.3333333333,1281583.3333333333,1277566.6666666667,102.51052673393184,148,2013-03-01,Q1,2013-Q1
2013-04-01,2013,4,Professional & Technical Services,1301800,1.6237314597970398,20800,0.891265597147961,1294500,1284883.3333333333,1279300,103.42416779216651,142,2013-04-01,Q2,2013-Q2
2013-05-01,2013,5,Professional & Technical Services,1296800,1.6938519447929679,21600,-0.38408357658626935,1296300,1287433.3333333333,1281100,103.02693254945578,143,2013-05-01,Q2,2013-Q2
2013-06-01,2013,6,Professional & Technical Services,1306300,2.4709758393473447,31500,0.732572486119687,1301633.3333333333,1293783.3333333333,1283725,103.78167951060617,141,2013-06-01,Q2,2013-Q2
2013-07-01,2013,7,Professional & Technical Services,1324000,5.154475418950044,64900,1.3549720584858038,1309033.3333333333,1301766.6666666667,1289133.3333333333,105.18789226980219,130,2013-07-01,Q3,2013-Q3
2013-08-01,2013,8,Professional & Technical Services,1320700,4.041279344572235,51300,-0.24924471299093698,1317000,1306650,1293408.3333333333,104.92571700961308,136,2013-08-01,Q3,2013-Q3
2013-09-01,2013,9,Professional & Technical Services,1319100,2.9099703541894284,37300,-0.12114787612629296,1321266.6666666667,1311450,1296516.6666666667,104.79860173194567,138,2013-09-01,Q3,2013-Q3
2013-10-01,2013,10,Professional & Technical Services,1327700,3.5647425897035845,45700,0.6519596694716023,1322500,1315766.6666666667,1300325,105.48184634940812,126,2013-10-01,Q4,2013-Q4
2013-11-01,2013,11,Professional & Technical Services,1323300,3.2618025751072866,41800,-0.3314001657000798,1323366.6666666667,1320183.3333333333,1303808.3333333333,105.13227933582267,131,2013-11-01,Q4,2013-Q4
2013-12-01,2013,12,Professional & Technical Services,1322800,4.305314619145251,54600,-0.037784327061129996,1324600,1322933.3333333333,1308358.3333333333,105.09255581155159,133,2013-12-01,Q4,2013-Q4
2014-01-01,2014,1,Professional & Technical Services,1326000,3.91035185330304,49900,0.2419110976715988,1324033.3333333333,1323266.6666666667,1312516.6666666667,105.34678636688648,127,2014-01-01,Q1,2014-Q1
2014-02-01,2014,2,Professional & Technical Services,1321500,2.33080377884467,30100,-0.33936651583710287,1323433.3333333333,1323400,1315025,104.98927464844681,135,2014-02-01,Q1,2014-Q1
2014-03-01,2014,3,Professional & Technical Services,1324600,2.6582965201890962,34300,0.23458191449110544,1324033.3333333333,1324316.6666666667,1317883.3333333333,105.23556049892746,129,2014-03-01,Q1,2014-Q1
2014-04-01,2014,4,Professional & Technical Services,1323100,1.6361960362574868,21300,-0.1132417333534641,1323066.6666666667,1323550,1319658.3333333333,105.11638992611425,132,2014-04-01,Q2,2014-Q2
2014-05-01,2014,5,Professional & Technical Services,1325500,2.213140037014183,28700,0.18139218502002397,1324400,1323916.6666666667,1322050,105.3070628426154,128,2014-05-01,Q2,2014-Q2
2014-06-01,2014,6,Professional & Technical Services,1331100,1.8984919237541087,24800,0.4224820822331221,1326566.6666666667,1325300,1324116.6666666667,105.75196631445142,124,2014-06-01,Q2,2014-Q2
2014-07-01,2014,7,Professional & Technical Services,1329500,0.41540785498488386,5500,-0.12020133723987803,1328700,1325883.3333333333,1324575,105.62485103678398,125,2014-07-01,Q3,2014-Q3
2014-08-01,2014,8,Professional & Technical Services,1332200,0.870750359657757,11500,0.20308386611507245,1330933.3333333333,1327666.6666666667,1325533.3333333333,105.83935806784778,123,2014-08-01,Q3,2014-Q3
2014-09-01,2014,9,Professional & Technical Services,1318300,-0.060647411113634586,-800,-1.043386878847019,1326666.6666666667,1326616.6666666667,1325466.6666666667,104.73504409311194,139,2014-09-01,Q3,2014-Q3
2014-10-01,2014,10,Professional & Technical Services,1321900,-0.436845672968289,-5800,0.2730789653341503,1324133.3333333333,1326416.6666666667,1324983.3333333333,105.02105346786368,134,2014-10-01,Q4,2014-Q4
2014-11-01,2014,11,Professional & Technical Services,1317900,-0.40807073226025725,-5400,-0.3025947499810888,1319366.6666666667,1325150,1324533.3333333333,104.7032652736951,140,2014-11-01,Q4,2014-Q4
2014-12-01,2014,12,Professional & Technical Services,1319900,-0.21923193226489612,-2900,0.15175658244175327,1319900,1323283.3333333333,1324291.6666666667,104.86215937077938,137,2014-12-01,Q4,2014-Q4
2015-01-01,2015,1,Professional & Technical Services,1341500,1.1689291101055765,15500,1.6364876126979233,1326433.3333333333,1325283.3333333333,1325583.3333333333,106.57821561928975,119,2015-01-01,Q1,2015-Q1
2015-02-01,2015,2,Professional & Technical Services,1340600,1.445327279606512,19100,-0.06708907938874908,1334000,1326683.3333333333,1327175,106.50671327560181,120,2015-02-01,Q1,2015-Q1
2015-03-01,2015,3,Professional & Technical Services,1334600,0.7549448890231014,10000,-0.447560793674473,1338900,1329400,1328008.3333333333,106.03003098434894,122,2015-03-01,Q1,2015-Q1
2015-04-01,2015,4,Professional & Technical Services,1340100,1.2848613105585382,17000,0.41210849692792095,1338433.3333333333,1332433.3333333333,1329425,106.46698975133073,121,2015-04-01,Q2,2015-Q2
2015-05-01,2015,5,Professional & Technical Services,1343200,1.335345152772538,17700,0.23132602044624306,1339300,1336650,1330900,106.71327560181139,118,2015-05-01,Q2,2015-Q2
2015-06-01,2015,6,Professional & Technical Services,1345500,1.0818120351588911,14400,0.1712328767123239,1342933.3333333333,1340916.6666666667,1332100,106.89600381345834,117,2015-06-01,Q2,2015-Q2
2015-07-01,2015,7,Professional & Technical Services,1356900,2.0609251598345146,27400,0.8472686733556278,1348533.3333333333,1343483.3333333333,1334383.3333333333,107.80170016683881,115,2015-07-01,Q3,2015-Q3
2015-08-01,2015,8,Professional & Technical Services,1374300,3.1601861582345014,42100,1.2823347335839008,1358900,1349100,1337891.6666666667,109.18407881147216,108,2015-08-01,Q3,2015-Q3
2015-09-01,2015,9,Professional & Technical Services,1372900,4.141697640901154,54600,-0.10187004293095159,1368033.3333333333,1355483.3333333333,1342441.6666666667,109.07285294351314,110,2015-09-01,Q3,2015-Q3
2015-10-01,2015,10,Professional & Technical Services,1362800,3.0940313185566337,40900,-0.7356690217787176,1370000,1359266.6666666667,1345850,108.27043775323746,112,2015-10-01,Q4,2015-Q4
2015-11-01,2015,11,Professional & Technical Services,1382200,4.878974125502689,64300,1.4235397710595787,1372633.3333333333,1365766.6666666667,1351208.3333333333,109.81171049495511,103,2015-11-01,Q4,2015-Q4
2015-12-01,2015,12,Professional & Technical Services,1384400,4.886733843473001,64500,0.1591665460859426,1376466.6666666667,1372250,1356583.3333333333,109.98649400174783,101,2015-12-01,Q4,2015-Q4
2016-01-01,2016,1,Professional & Technical Services,1376300,2.5941110696980907,34800,-0.585091014157757,1380966.6666666667,1375483.3333333333,1359483.3333333333,109.34297290855646,107,2016-01-01,Q1,2016-Q1
2016-02-01,2016,2,Professional & Technical Services,1378400,2.81963300014918,37800,0.15258301242462302,1379700,1376166.6666666667,1362633.3333333333,109.50981171049496,105,2016-02-01,Q1,2016-Q1
2016-03-01,2016,3,Professional & Technical Services,1380100,3.409261201858227,45500,0.12333139872315879,1378266.6666666667,1377366.6666666667,1366425,109.6448716930166,104,2016-03-01,Q1,2016-Q1
2016-04-01,2016,4,Professional & Technical Services,1382500,3.1639429893291604,42400,0.17390044199696586,1380333.3333333333,1380650,1369958.3333333333,109.83554460951777,102,2016-04-01,Q2,2016-Q2
2016-05-01,2016,5,Professional & Technical Services,1378000,2.5908278737343693,34800,-0.32549728752260254,1380200,1379950,1372858.3333333333,109.47803289107809,106,2016-05-01,Q2,2016-Q2
2016-06-01,2016,6,Professional & Technical Services,1373700,2.095875139353409,28200,-0.3120464441219162,1378066.6666666667,1378166.6666666667,1375208.3333333333,109.13641058234687,109,2016-06-01,Q2,2016-Q2
2016-07-01,2016,7,Professional & Technical Services,1362800,0.43481465104282524,5900,-0.7934774696076285,1371500,1375916.6666666667,1375700,108.27043775323746,112,2016-07-01,Q3,2016-Q3
2016-08-01,2016,8,Professional & Technical Services,1352200,-1.60809139198137,-22100,-0.7778103903727573,1362900,1371550,1373858.3333333333,107.42829903869071,116,2016-08-01,Q3,2016-Q3
2016-09-01,2016,9,Professional & Technical Services,1361400,-0.8376429455896228,-11500,0.6803727259281134,1358800,1368433.3333333333,1372900,108.15921188527847,113,2016-09-01,Q3,2016-Q3
2016-10-01,2016,10,Professional & Technical Services,1360200,-0.1907836806574692,-2600,-0.08814455707359947,1357933.3333333333,1364716.6666666667,1372683.3333333333,108.0638754270279,114,2016-10-01,Q4,2016-Q4
2016-11-01,2016,11,Professional & Technical Services,1367500,-1.0635219215743064,-14700,0.5366857815027215,1363033.3333333333,1362966.6666666667,1371458.3333333333,108.64383888138556,111,2016-11-01,Q4,2016-Q4
2016-12-01,2016,12,Professional & Technical Services,1386600,0.15891360878359517,2200,1.3967093235831785,1371433.3333333333,1365116.6666666667,1371641.6666666667,110.16127750854056,100,2016-12-01,Q4,2016-Q4
2017-01-01,2017,1,Professional & Technical Services,1386700,0.7556492043885754,10400,0.007211885186797495,1380266.6666666667,1369100,1372508.3333333333,110.16922221339478,99,2017-01-01,Q1,2017-Q1
2017-02-01,2017,2,Professional & Technical Services,1399200,1.5089959373186357,20800,0.901420638926953,1390833.3333333333,1376933.3333333333,1374241.6666666667,111.16231032017161,98,2017-02-01,Q1,2017-Q1
2017-03-01,2017,3,Professional & Technical Services,1402000,1.5868415332222385,21900,0.20011435105775632,1395966.6666666667,1383700,1376066.6666666667,111.38476205608963,97,2017-03-01,Q1,2017-Q1
2017-04-01,2017,4,Professional & Technical Services,1403300,1.504520795660036,20800,0.09272467902996517,1401500,1390883.3333333333,1377800,111.48804321919441,96,2017-04-01,Q2,2017-Q2
2017-05-01,2017,5,Professional & Technical Services,1416300,2.779390420899852,38300,0.9263878001852799,1407200,1399016.6666666667,1380991.6666666667,112.52085485024233,95,2017-05-01,Q2,2017-Q2
2017-06-01,2017,6,Professional & Technical Services,1431800,4.229453301303043,58100,1.0944009037633373,1417133.3333333333,1406550,1385833.3333333333,113.75228410264559,94,2017-06-01,Q2,2017-Q2
2017-07-01,2017,7,Professional & Technical Services,1443800,5.94364543586734,81000,0.8381058807096053,1430633.3333333333,1416066.6666666667,1392583.3333333333,114.70564868515135,90,2017-07-01,Q3,2017-Q3
2017-08-01,2017,8,Professional & Technical Services,1445100,6.870285460730652,92900,0.09004017176894585,1440233.3333333333,1423716.6666666667,1400325,114.80892984825614,89,2017-08-01,Q3,2017-Q3
2017-09-01,2017,9,Professional & Technical Services,1450600,6.55207874247099,89200,0.380596498512209,1446500,1431816.6666666667,1407758.3333333333,115.24588861523794,88,2017-09-01,Q3,2017-Q3
2017-10-01,2017,10,Professional & Technical Services,1459100,7.270989560358765,98900,0.5859644285123311,1451600,1441116.6666666667,1416000,115.92118852784618,85,2017-10-01,Q4,2017-Q4
2017-11-01,2017,11,Professional & Technical Services,1454800,6.383912248628887,87300,-0.29470221369337635,1454833.3333333333,1447533.3333333333,1423275,115.57956621911497,86,2017-11-01,Q4,2017-Q4
2017-12-01,2017,12,Professional & Technical Services,1453800,4.846386845521411,67200,-0.06873797085510391,1455900,1451200,1428875,115.50011917057282,87,2017-12-01,Q4,2017-Q4
2018-01-01,2018,1,Professional & Technical Services,1439100,3.7787553183817657,52400,-1.011143210895582,1449233.3333333333,1450416.6666666667,1433241.6666666667,114.33224755700326,92,2018-01-01,Q1,2018-Q1
2018-02-01,2018,2,Professional & Technical Services,1433700,2.465694682675812,34500,-0.37523452157598447,1442200,1448516.6666666667,1436116.6666666667,113.90323349487565,93,2018-02-01,Q1,2018-Q1
2018-03-01,2018,3,Professional & Technical Services,1443600,2.9671897289586413,41600,0.6905210295040876,1438800,1447350,1439583.3333333333,114.68975927544291,91,2018-03-01,Q1,2018-Q1
2018-04-01,2018,4,Professional & Technical Services,1460700,4.090358440818065,57400,1.1845386533665847,1446000,1447616.6666666667,1444366.6666666667,116.04830380551363,84,2018-04-01,Q2,2018-Q2
2018-05-01,2018,5,Professional & Technical Services,1471200,3.8762973946197876,54900,0.7188334360238136,1458500,1450350,1448941.6666666667,116.88249781520616,82,2018-05-01,Q2,2018-Q2
2018-06-01,2018,6,Professional & Technical Services,1483600,3.617823718396429,51800,0.8428493746601484,1471833.3333333333,1455316.6666666667,1453258.3333333333,117.86764121712878,79,2018-06-01,Q2,2018-Q2
2018-07-01,2018,7,Professional & Technical Services,1492400,3.3661171907466425,48600,0.5931517929361085,1482400,1464200,1457308.3333333333,118.56677524429968,78,2018-07-01,Q3,2018-Q3
2018-08-01,2018,8,Professional & Technical Services,1469700,1.7023043388000758,24600,-1.5210399356740845,1481900,1470200,1459358.3333333333,116.76332724239296,83,2018-08-01,Q3,2018-Q3
2018-09-01,2018,9,Professional & Technical Services,1472100,1.482145319178274,21500,0.1632986323739649,1478066.6666666667,1474950,1461150,116.9540001588941,81,2018-09-01,Q3,2018-Q3
2018-10-01,2018,10,Professional & Technical Services,1473100,0.9594955794667959,14000,0.06793016778752214,1471633.3333333333,1477016.6666666667,1462316.6666666667,117.03344720743625,80,2018-10-01,Q4,2018-Q4
2018-11-01,2018,11,Professional & Technical Services,1496500,2.8663733846576944,41700,1.5884868644355343,1480566.6666666667,1481233.3333333333,1465791.6666666667,118.89250814332249,76,2018-11-01,Q4,2018-Q4
2018-12-01,2018,12,Professional & Technical Services,1498700,3.088457834640246,44900,0.14700968927496838,1489433.3333333333,1483750,1469533.3333333333,119.06729165011521,74,2018-12-01,Q4,2018-Q4
2019-01-01,2019,1,Professional & Technical Services,1519300,5.572927524147042,80200,1.3745245879762447,1504833.3333333333,1488233.3333333333,1476216.6666666667,120.70390085008343,72,2019-01-01,Q1,2019-Q1
2019-02-01,2019,2,Professional & Technical Services,1536000,7.135383971542164,102300,1.0991904166392397,1518000,1499283.3333333333,1484741.6666666667,122.03066656073727,70,2019-02-01,Q1,2019-Q1
2019-03-01,2019,3,Professional & Technical Services,1536000,6.400665004156281,92400,0,1530433.3333333333,1509933.3333333333,1492441.6666666667,122.03066656073727,70,2019-03-01,Q1,2019-Q1
2019-04-01,2019,4,Professional & Technical Services,1529800,4.730608612309162,69100,-0.4036458333333326,1533933.3333333333,1519383.3333333333,1498200,121.53809485977595,71,2019-04-01,Q2,2019-Q2
2019-05-01,2019,5,Professional & Technical Services,1550900,5.417346383904298,79700,1.379265263433127,1538900,1528450,1504841.6666666667,123.21442758401527,67,2019-05-01,Q2,2019-Q2
2019-06-01,2019,6,Professional & Technical Services,1549700,4.4553788083041335,66100,-0.07737442775163084,1543466.6666666667,1536950,1510350,123.11909112576467,68,2019-06-01,Q2,2019-Q2
2019-07-01,2019,7,Professional & Technical Services,1555600,4.234789600643252,63200,0.38071884880943596,1552066.6666666667,1543000,1515616.6666666667,123.58782871216334,66,2019-07-01,Q3,2019-Q3
2019-08-01,2019,8,Professional & Technical Services,1579400,7.464108321426144,109700,1.5299562869632188,1561566.6666666667,1550233.3333333333,1524758.3333333333,125.47866846746642,59,2019-08-01,Q3,2019-Q3
2019-09-01,2019,9,Professional & Technical Services,1584200,7.614971808980364,112100,0.3039128783082212,1573066.6666666667,1558266.6666666667,1534100,125.86001430046873,58,2019-09-01,Q3,2019-Q3
2019-10-01,2019,10,Professional & Technical Services,1578900,7.182132916977801,105800,-0.33455371796490274,1580833.3333333333,1566450,1542916.6666666667,125.43894494319537,60,2019-10-01,Q4,2019-Q4
2019-11-01,2019,11,Professional & Technical Services,1570000,4.9114600735048475,73500,-0.563683577173979,1577700,1569633.3333333333,1549041.6666666667,124.73186621117026,63,2019-11-01,Q4,2019-Q4
2019-12-01,2019,12,Professional & Technical Services,1574600,5.06438913725229,75900,0.2929936305732461,1574500,1573783.3333333333,1555366.6666666667,125.09732263446413,61,2019-12-01,Q4,2019-Q4
2020-01-01,2020,1,Professional & Technical Services,1574000,3.600342262884215,54700,-0.03810491553409845,1572866.6666666667,1576850,1559925,125.04965440533884,62,2020-01-01,Q1,2020-Q1
2020-02-01,2020,2,Professional & Technical Services,1565500,1.920572916666674,29500,-0.5400254129606097,1571366.6666666667,1574533.3333333333,1562383.3333333333,124.3743544927306,64,2020-02-01,Q1,2020-Q1
2020-03-01,2020,3,Professional & Technical Services,1587700,3.3658854166666696,51700,1.4180772916001283,1575733.3333333333,1575116.6666666667,1566691.6666666667,126.13807897036624,57,2020-03-01,Q1,2020-Q1
2020-04-01,2020,4,Professional & Technical Services,1495700,-2.2290495489606488,-34100,-5.794545569062171,1549633.3333333333,1561250,1563850,118.82895050448876,77,2020-04-01,Q2,2020-Q2
2020-05-01,2020,5,Professional & Technical Services,1497100,-3.4689535108646585,-53800,0.09360165808651733,1526833.3333333333,1549100,1559366.6666666667,118.94017637244775,75,2020-05-01,Q2,2020-Q2
2020-06-01,2020,6,Professional & Technical Services,1503800,-2.9618635865006127,-45900,0.44753189499699975,1498866.6666666667,1537300,1555541.6666666667,119.47247159768015,73,2020-06-01,Q2,2020-Q2
2020-07-01,2020,7,Professional & Technical Services,1543500,-0.7778349190023182,-12100,2.639978720574554,1514800,1532216.6666666667,1554533.3333333333,122.62651942480336,69,2020-07-01,Q3,2020-Q3
2020-08-01,2020,8,Professional & Technical Services,1565200,-0.8990755983284804,-14200,1.4058956916099818,1537500,1532166.6666666667,1553350,124.35052037816796,65,2020-08-01,Q3,2020-Q3
2020-09-01,2020,9,Professional & Technical Services,1592300,0.5112990783991966,8100,1.7314081267569614,1567000,1532933.3333333333,1554025,126.50353539366013,56,2020-09-01,Q3,2020-Q3
2020-10-01,2020,10,Professional & Technical Services,1628200,3.1224270061435133,49300,2.2546002637693796,1595233.3333333333,1555016.6666666667,1558133.3333333333,129.3556844363232,54,2020-10-01,Q4,2020-Q4
2020-11-01,2020,11,Professional & Technical Services,1619800,3.1719745222929863,49800,-0.5159071367153878,1613433.3333333333,1575466.6666666667,1562283.3333333333,128.68832922856916,55,2020-11-01,Q4,2020-Q4
2020-12-01,2020,12,Professional & Technical Services,1641300,4.235996443541223,66700,1.3273243610322227,1629766.6666666667,1598383.3333333333,1567841.6666666667,130.39644077222533,53,2020-12-01,Q4,2020-Q4
2021-01-01,2021,1,Professional & Technical Services,1668200,5.98475222363406,94200,1.638944738926451,1643100,1619166.6666666667,1575691.6666666667,132.53356637800906,50,2021-01-01,Q1,2021-Q1
2021-02-01,2021,2,Professional & Technical Services,1653700,5.63398275311402,88200,-0.8692003356911671,1654400,1633916.6666666667,1583041.6666666667,131.38158417414795,52,2021-02-01,Q1,2021-Q1
2021-03-01,2021,3,Professional & Technical Services,1659800,4.541160168797642,72100,0.3688698070992258,1660566.6666666667,1645166.6666666667,1589050,131.86621117025504,51,2021-03-01,Q1,2021-Q1
2021-04-01,2021,4,Professional & Technical Services,1673700,11.9007822424283,178000,0.837450295216291,1662400,1652750,1603883.3333333333,132.97052514499086,49,2021-04-01,Q2,2021-Q2
2021-05-01,2021,5,Professional & Technical Services,1690300,12.904949569167057,193200,0.9918145426301095,1674600,1664500,1619983.3333333333,134.2893461507905,48,2021-05-01,Q2,2021-Q2
2021-06-01,2021,6,Professional & Technical Services,1709400,13.672030855166906,205600,1.1299769271726934,1691133.3333333333,1675850,1637116.6666666667,135.8067847779455,47,2021-06-01,Q2,2021-Q2
2021-07-01,2021,7,Professional & Technical Services,1716100,11.182377712989954,172600,0.39195039195039083,1705266.6666666667,1683833.3333333333,1651500,136.33908000317788,44,2021-07-01,Q3,2021-Q3
2021-08-01,2021,8,Professional & Technical Services,1715600,9.608995655507279,150400,-0.029135831245263866,1713700,1694150,1664033.3333333333,136.29935647890682,45,2021-08-01,Q3,2021-Q3
2021-09-01,2021,9,Professional & Technical Services,1719500,7.9884443886202305,127200,0.22732571695034398,1717066.6666666667,1704100,1674633.3333333333,136.6091999682212,43,2021-09-01,Q3,2021-Q3
2021-10-01,2021,10,Professional & Technical Services,1715300,5.349465667608411,87100,-0.244257051468455,1716800,1711033.3333333333,1681891.6666666667,136.27552236434417,46,2021-10-01,Q4,2021-Q4
2021-11-01,2021,11,Professional & Technical Services,1750000,8.038029386343993,130200,2.0229697429021254,1728266.6666666667,1720983.3333333333,1692741.6666666667,139.03233494875667,40,2021-11-01,Q4,2021-Q4
2021-12-01,2021,12,Professional & Technical Services,1745800,6.366904283190156,104500,-0.23999999999999577,1737033.3333333333,1727050,1701450,138.69865734487962,41,2021-12-01,Q4,2021-Q4
2022-01-01,2022,1,Professional & Technical Services,1735400,4.028293969548025,67200,-0.5957154313208868,1743733.3333333333,1730266.6666666667,1707050,137.8724080400413,42,2022-01-01,Q1,2022-Q1
2022-02-01,2022,2,Professional & Technical Services,1780100,7.643466166777535,126400,2.575775037455341,1753766.6666666667,1741016.6666666667,1717583.3333333333,141.42369110987528,39,2022-02-01,Q1,2022-Q1
2022-03-01,2022,3,Professional & Technical Services,1780700,7.284010121701412,120900,0.03370597157463795,1765400,1751216.6666666667,1727658.3333333333,141.47135933900054,38,2022-03-01,Q1,2022-Q1
2022-04-01,2022,4,Professional & Technical Services,1802900,7.719424030590916,129200,1.2467007356657511,1787900,1765816.6666666667,1738425,143.2350838166362,37,2022-04-01,Q2,2022-Q2
2022-05-01,2022,5,Professional & Technical Services,1813000,7.259066437910433,122700,0.5602085528870093,1798866.6666666667,1776316.6666666667,1748650,144.0374990069119,36,2022-05-01,Q2,2022-Q2
2022-06-01,2022,6,Professional & Technical Services,1835200,7.3593073593073655,125800,1.2244897959183598,1817033.3333333333,1791216.6666666667,1759133.3333333333,145.80122348454756,34,2022-06-01,Q2,2022-Q2
2022-07-01,2022,7,Professional & Technical Services,1835200,6.940155002622217,119100,0,1827800,1807850,1769058.3333333333,145.80122348454756,34,2022-07-01,Q3,2022-Q3
2022-08-01,2022,8,Professional & Technical Services,1833800,6.889717882956403,118200,-0.07628596338273841,1834733.3333333333,1816800,1778908.3333333333,145.68999761658853,35,2022-08-01,Q3,2022-Q3
2022-09-01,2022,9,Professional & Technical Services,1837600,6.8682756615295215,118100,0.20721998036863365,1835533.3333333333,1826283.3333333333,1788750,145.9918964010487,33,2022-09-01,Q3,2022-Q3
2022-10-01,2022,10,Professional & Technical Services,1856000,8.202646767329336,140700,1.0013060513713645,1842466.6666666667,1835133.3333333333,1800475,147.4537220942242,31,2022-10-01,Q4,2022-Q4
2022-11-01,2022,11,Professional & Technical Services,1852100,5.834285714285725,102100,-0.21012931034483096,1848566.6666666667,1841650,1808983.3333333333,147.14387860490982,32,2022-11-01,Q4,2022-Q4
2022-12-01,2022,12,Professional & Technical Services,1862100,6.6617023714056645,116300,0.539927649694949,1856733.3333333333,1846133.3333333333,1818675,147.93834909033131,30,2022-12-01,Q4,2022-Q4
2023-01-01,2023,1,Professional & Technical Services,1870300,7.773423994468143,134900,0.4403630309865125,1861500,1851983.3333333333,1829916.6666666667,148.5898148883769,26,2023-01-01,Q1,2023-Q1
2023-02-01,2023,2,Professional & Technical Services,1862200,4.612100443795297,82100,-0.43308560124044604,1864866.6666666667,1856716.6666666667,1836758.3333333333,147.9462937951855,29,2023-02-01,Q1,2023-Q1
2023-03-01,2023,3,Professional & Technical Services,1877200,5.419217161790302,96500,0.8054988723015688,1869900,1863316.6666666667,1844800,149.1379995233177,23,2023-03-01,Q1,2023-Q1
2023-04-01,2023,4,Professional & Technical Services,1866700,3.5387431360585753,63800,-0.5593437033880266,1868700,1865100,1850116.6666666667,148.30380551362515,27,2023-04-01,Q2,2023-Q2
2023-05-01,2023,5,Professional & Technical Services,1865900,2.917815774958643,52900,-0.04285637756468175,1869933.3333333333,1867400,1854525,148.24024787479144,28,2023-05-01,Q2,2023-Q2
2023-06-01,2023,6,Professional & Technical Services,1871600,1.9834350479511764,36400,0.3054826089286644,1868066.6666666667,1868983.3333333333,1857558.3333333333,148.6930960514817,24,2023-06-01,Q2,2023-Q2
2023-07-01,2023,7,Professional & Technical Services,1871100,1.956190061028762,35900,-0.026715110066255487,1869533.3333333333,1869116.6666666667,1860550,148.6533725272106,25,2023-07-01,Q3,2023-Q3
2023-08-01,2023,8,Professional & Technical Services,1915900,4.477042207438098,82100,2.3943135054246056,1886200,1878066.6666666667,1867391.6666666667,152.2126003018988,22,2023-08-01,Q3,2023-Q3
2023-09-01,2023,9,Professional & Technical Services,1922900,4.641924249020457,85300,0.3653635367190322,1903300,1885683.3333333333,1874500,152.76872964169382,21,2023-09-01,Q3,2023-Q3
2023-10-01,2023,10,Professional & Technical Services,1926400,3.7931034482758585,70400,0.18201674554059188,1921733.3333333333,1895633.3333333333,1880366.6666666667,153.04679431159133,20,2023-10-01,Q4,2023-Q4
2023-11-01,2023,11,Professional & Technical Services,1930600,4.238432050105279,78500,0.21802325581394832,1926633.3333333333,1906416.6666666667,1886908.3333333333,153.38047191546832,19,2023-11-01,Q4,2023-Q4
2023-12-01,2023,12,Professional & Technical Services,1960400,5.278986090972548,98300,1.5435615870713848,1939133.3333333333,1921216.6666666667,1895100,155.7479939620243,16,2023-12-01,Q4,2023-Q4
2024-01-01,2024,1,Professional & Technical Services,1953500,4.448484200395653,83200,-0.35196898592123604,1948166.6666666667,1934950,1902033.3333333333,155.1998093270835,17,2024-01-01,Q1,2024-Q1
2024-02-01,2024,2,Professional & Technical Services,1963800,5.455912361722692,101600,0.5272587663168737,1959233.3333333333,1942933.3333333333,1910500,156.01811392706762,14,2024-02-01,Q1,2024-Q1
2024-03-01,2024,3,Professional & Technical Services,1946700,3.7023226081397853,69500,-0.8707607699358411,1954666.6666666667,1946900,1916291.6666666667,154.6595693969969,18,2024-03-01,Q1,2024-Q1
2024-04-01,2024,4,Professional & Technical Services,1967200,5.383832431563729,100500,1.0530641598602841,1959233.3333333333,1953700,1924666.6666666667,156.2882338921109,12,2024-04-01,Q2,2024-Q2
2024-05-01,2024,5,Professional & Technical Services,1968500,5.498686960716004,102600,0.06608377389183406,1960800,1960016.6666666667,1933216.6666666667,156.39151505521568,11,2024-05-01,Q2,2024-Q2
2024-06-01,2024,6,Professional & Technical Services,1960800,4.765975635819619,89200,-0.3911607823215646,1965500,1960083.3333333333,1940650,155.77977278144118,15,2024-06-01,Q2,2024-Q2
2024-07-01,2024,7,Professional & Technical Services,1982000,5.926994815883702,110900,1.0811913504692017,1970433.3333333333,1964833.3333333333,1949891.6666666667,157.46405021053468,10,2024-07-01,Q3,2024-Q3
2024-08-01,2024,8,Professional & Technical Services,1965300,2.578422673417191,49400,-0.8425832492431895,1969366.6666666667,1965083.3333333333,1954008.3333333333,156.13728449988082,13,2024-08-01,Q3,2024-Q3
2024-09-01,2024,9,Professional & Technical Services,1987100,3.338707161058818,64200,1.1092454078257763,1978133.3333333333,1971816.6666666667,1959358.3333333333,157.8692301580996,8,2024-09-01,Q3,2024-Q3
2024-10-01,2024,10,Professional & Technical Services,1994800,3.5506644518272346,68400,0.3874993709425789,1982400,1976416.6666666667,1965058.3333333333,158.48097243187416,7,2024-10-01,Q4,2024-Q4
2024-11-01,2024,11,Professional & Technical Services,2015300,4.387237128353871,84700,1.0276719470623696,1999066.6666666667,1984216.6666666667,1972116.6666666667,160.10963692698817,2,2024-11-01,Q4,2024-Q4
2024-12-01,2024,12,Professional & Technical Services,1997300,1.8822689247092406,36900,-0.8931672703815785,2002466.6666666667,1990300,1975191.6666666667,158.6795900532295,5,2024-12-01,Q4,2024-Q4
2025-01-01,2025,1,Professional & Technical Services,2019000,3.35295623240337,65500,1.0864667300856112,2010533.3333333333,1996466.6666666667,1980650,160.40359100659413,1,2025-01-01,Q1,2025-Q1
2025-02-01,2025,2,Professional & Technical Services,1986100,1.1355535186882593,22300,-1.629519564140669,2000800,1999933.3333333333,1982508.3333333333,157.7897831095575,9,2025-02-01,Q1,2025-Q1
2025-03-01,2025,3,Professional & Technical Services,1995700,2.5170801869830894,49000,0.4833593474648845,2000266.6666666667,2001366.6666666667,1986591.6666666667,158.5524747755621,6,2025-03-01,Q1,2025-Q1
2025-04-01,2025,4,Professional & Technical Services,2001900,1.7639284261895094,34700,0.3106679360625364,1994566.6666666667,2002550,1989483.3333333333,159.0450464765234,4,2025-04-01,Q2,2025-Q2
2025-05-01,2025,5,Professional & Technical Services,2011800,2.1996443992887915,43300,0.4945301963134918,2003133.3333333333,2001966.6666666667,1993091.6666666667,159.83157225709067,3,2025-05-01,Q2,2025-Q2
